hp,ac,str,dex,con,int,wis,cha,str save,dex save,con save,int save,wis save,cha save,walk,fly,swim,burrow,climb,hover,size,alignment,type,source,CR_pred
65.0,15,15,16,14,14,11,14,4.0,5.0,2.0,2.0,2.0,2.0,30,0,0,0,0,False,M,CG,humanoid,ToA,2.92
57.0,17,19,13,16,10,14,12,6.0,1.0,5.0,0.0,2.0,1.0,30,0,0,0,0,False,M,LE,humanoid,other,3.0
58.0,11,15,13,14,10,11,10,2.0,1.0,2.0,0.0,0.0,0.0,0,0,0,0,0,False,M,CE,humanoid,MM,3.01
13.0,10,18,10,14,2,10,4,4.0,0.0,2.0,-4.0,0.0,-3.0,30,0,0,0,0,False,M,U,beast,MPMM,0.28125
9.0,15,11,12,11,12,14,16,0.0,1.0,0.0,1.0,2.0,3.0,30,0,0,0,0,False,M,LG,humanoid,SKT,0.135
76.0,10,16,11,18,5,7,3,3.0,0.0,4.0,-3.0,1.0,-4.0,30,0,0,0,0,False,M,CE,undead,MPMM,4.9
95.0,13,22,9,17,2,11,5,6.0,-1.0,3.0,-4.0,0.0,-3.0,50,0,0,0,0,False,H,U,beast,other,4.69
676.0,25,30,11,30,3,11,11,10.0,0.0,10.0,5.0,9.0,9.0,40,0,0,0,0,False,G,U,monstrosity,other,30.0
9.0,12,11,12,10,10,11,10,0.0,1.0,0.0,0.0,0.0,0.0,30,0,0,0,0,False,M,other,humanoid,OotA,0.12875
84.0,18,13,18,14,11,13,14,1.0,6.0,4.0,0.0,3.0,2.0,30,0,0,0,0,False,M,NG,humanoid,WDH,4.17
45.0,12,18,13,15,1,10,4,4.0,1.0,2.0,-5.0,0.0,-3.0,0,0,40,0,0,False,L,U,beast,MM,2.0
333.0,20,26,10,26,10,13,14,8.0,6.0,14.0,0.0,7.0,8.0,40,80,40,40,0,False,G,CE,dragon,MM,19.76
230.0,12,29,14,20,16,18,18,14.0,2.0,10.0,3.0,9.0,9.0,50,0,50,0,0,False,H,NE,giant,SKT,12.97
32.0,11,15,11,14,10,10,11,2.0,0.0,2.0,0.0,0.0,0.0,30,0,0,0,0,False,M,other,humanoid,MM,0.58
39.0,18,17,11,14,10,10,9,3.0,0.0,2.0,0.0,0.0,-1.0,30,0,0,0,0,False,M,NE,humanoid,other,1.66
45.0,17,18,18,14,10,13,14,6.0,6.0,4.0,0.0,1.0,2.0,30,0,0,0,0,False,M,A,humanoid,FTD,2.9739999999999998
136.0,17,18,18,18,17,20,20,4.0,4.0,4.0,3.0,9.0,9.0,30,90,0,0,0,False,M,LG,celestial,other,10.3
39.0,11,8,13,14,16,9,11,-1.0,1.0,2.0,3.0,1.0,0.0,30,0,0,0,0,False,M,CE,humanoid,other,3.39
119.0,14,18,18,18,2,10,3,4.0,4.0,4.0,-4.0,0.0,-4.0,0,0,30,0,0,False,M,U,aberration,other,5.89
76.0,13,20,8,18,9,10,16,5.0,-1.0,4.0,-1.0,0.0,3.0,30,0,0,0,0,False,M,N,humanoid,IDRotF,4.85
189.0,18,24,17,20,21,24,24,7.0,9.0,11.0,11.0,7.0,13.0,30,0,0,0,0,False,L,LE,fiend,MPMM,18.32
45.0,14,15,14,16,16,13,15,2.0,2.0,3.0,3.0,1.0,2.0,30,0,0,0,0,False,M,NE,undead,ToA,3.42
16.0,13,13,17,12,6,13,6,1.0,3.0,1.0,-2.0,1.0,-2.0,30,0,0,0,20,False,M,CE,plant,other,0.535
11.0,11,10,13,12,11,11,12,0.0,1.0,1.0,0.0,0.0,1.0,30,0,40,0,0,False,M,N,humanoid,GGR,0.215
112.0,14,18,15,16,6,12,15,7.0,5.0,6.0,-2.0,1.0,2.0,30,0,0,0,0,False,M,LG,humanoid,CoS,5.25
66.0,18,16,12,13,11,17,18,3.0,1.0,1.0,0.0,6.0,7.0,30,90,0,0,0,False,M,LG,celestial,GGR,5.17
112.0,14,14,15,16,11,16,15,2.0,4.0,3.0,0.0,5.0,2.0,30,0,0,0,0,False,M,NG,humanoid,other,4.9
45.0,12,18,13,15,1,10,4,4.0,1.0,2.0,-5.0,0.0,-3.0,20,0,40,0,0,False,L,U,aberration,EGW,1.85
27.0,11,8,12,12,9,11,7,-1.0,1.0,1.0,-1.0,0.0,-2.0,20,20,20,0,0,False,S,NE,elemental,MM,0.75
45.0,14,16,14,14,11,10,14,3.0,2.0,2.0,0.0,0.0,2.0,30,0,0,0,0,False,M,A,humanoid,other,2.19
13.0,13,12,15,10,2,9,5,1.0,2.0,0.0,-4.0,-1.0,-3.0,10,60,0,0,0,False,M,U,beast,MM,0.27875
76.0,13,20,9,17,2,11,5,5.0,-1.0,3.0,-4.0,0.0,-3.0,40,0,0,0,0,False,H,U,beast,MPMM,3.87
82.0,19,18,18,16,14,12,16,7.0,4.0,6.0,5.0,1.0,6.0,30,60,0,0,0,False,M,other,fey,other,5.625
104.0,14,10,12,13,19,16,16,0.0,1.0,5.0,8.0,7.0,3.0,30,0,0,0,0,False,M,NE,humanoid,other,11.81
3.0,10,10,10,10,10,10,10,0.0,0.0,0.0,0.0,0.0,0.0,30,0,0,0,0,False,S,N,humanoid,ToA,0.0
136.0,17,18,15,16,18,18,18,4.0,2.0,3.0,4.0,4.0,4.0,40,60,0,0,0,False,L,LN,monstrosity,GGR,10.63
33.0,14,6,15,14,15,9,16,-2.0,2.0,2.0,2.0,-1.0,3.0,25,0,0,0,0,False,S,CN,humanoid,IDRotF,1.105
195.0,19,20,15,18,19,17,18,11.0,2.0,10.0,10.0,9.0,4.0,40,0,0,0,0,False,M,LE,humanoid,other,16.75
615.0,25,30,10,30,26,26,28,19.0,9.0,10.0,8.0,17.0,9.0,60,120,0,0,0,False,G,CE,fiend,other,29.62
180.0,18,18,16,17,16,15,17,4.0,3.0,7.0,7.0,6.0,3.0,30,0,0,0,0,False,M,LE,humanoid,MTF,12.1
11.0,18,13,12,12,10,10,9,1.0,1.0,1.0,0.0,0.0,-1.0,30,0,0,0,0,False,M,LE,humanoid,other,0.39625
13.0,16,10,14,10,1,10,3,0.0,2.0,0.0,-5.0,0.0,-4.0,10,50,0,0,0,False,M,U,construct,WDMM,0.44875
19.0,12,13,15,12,8,13,10,1.0,2.0,1.0,-1.0,1.0,0.0,5,60,0,0,0,False,L,N,undead,other,0.53875
136.0,13,18,14,18,13,16,18,7.0,2.0,7.0,1.0,6.0,7.0,30,0,0,0,0,False,M,N,undead,MM,5.34
26.0,11,12,9,15,9,10,6,1.0,-1.0,2.0,-1.0,0.0,-2.0,20,0,0,0,0,False,M,NE,humanoid,CoS,0.2925
33.0,17,15,14,13,10,11,13,2.0,4.0,3.0,0.0,2.0,3.0,30,60,30,0,0,False,M,CE,dragon,MM,1.815
40.0,12,9,14,11,17,12,11,-1.0,2.0,0.0,6.0,4.0,0.0,30,0,0,0,0,False,M,N,humanoid,CoS,6.03
75.0,14,8,19,16,19,12,15,-1.0,4.0,3.0,7.0,1.0,5.0,20,0,0,0,0,False,M,LE,ooze,MTF,6.26
114.0,19,20,11,18,2,12,7,5.0,0.0,4.0,-4.0,1.0,-2.0,40,0,0,0,0,False,L,U,monstrosity,WBtW,5.14
33.0,9,13,9,12,1,6,3,1.0,-1.0,1.0,-5.0,-2.0,-4.0,20,0,0,0,0,False,M,U,undead,ToA,0.66
16.0,12,8,15,14,10,10,16,-1.0,2.0,2.0,0.0,0.0,3.0,30,0,0,0,0,False,S,LE,humanoid,TftYP,0.8883333333333334
255.0,18,17,10,19,8,13,6,3.0,0.0,4.0,-1.0,1.0,-2.0,30,0,0,0,0,False,M,LE,monstrosity,MTF,13.14
105.0,17,18,19,16,6,17,11,4.0,8.0,3.0,-2.0,7.0,0.0,30,0,0,0,0,False,M,NE,undead,GGR,9.34
52.0,14,16,11,14,10,10,6,5.0,0.0,4.0,0.0,0.0,-2.0,30,0,0,0,0,False,L,NE,monstrosity,FTD,3.03
136.0,16,20,8,21,7,12,9,5.0,3.0,5.0,-2.0,5.0,-1.0,30,0,0,0,0,False,L,CE,aberration,MPMM,8.95
92.0,15,23,10,20,6,10,3,6.0,0.0,5.0,-2.0,0.0,-4.0,30,0,0,0,0,False,H,NE,plant,CoS,5.407333333333334
112.0,14,18,15,16,10,9,15,4.0,2.0,3.0,0.0,-1.0,2.0,30,0,0,0,0,False,M,NE,humanoid,CoS,5.12
40.0,12,9,14,11,17,12,11,-1.0,2.0,0.0,6.0,4.0,0.0,30,0,0,0,0,False,M,NE,humanoid,CoS,6.03
90.0,14,18,14,15,11,17,16,4.0,2.0,2.0,3.0,6.0,6.0,50,50,0,0,0,True,L,other,monstrosity,other,6.55
7.0,13,7,16,9,8,9,8,-2.0,3.0,-1.0,-1.0,-1.0,-1.0,30,0,0,0,0,False,S,LE,humanoid,EGW,0.1625
19.0,14,12,16,14,11,15,10,1.0,3.0,2.0,0.0,2.0,0.0,30,0,0,0,0,False,M,A,humanoid,other,0.55
33.0,16,11,14,12,10,13,14,0.0,2.0,1.0,0.0,1.0,2.0,30,0,0,0,0,False,M,NE,humanoid,SKT,2.0
11.0,10,14,10,13,2,10,5,2.0,0.0,1.0,-4.0,0.0,-3.0,40,0,0,0,0,False,M,U,construct,SKT,0.14375
127.0,19,11,10,16,18,17,13,0.0,0.0,3.0,4.0,3.0,1.0,30,0,0,0,0,False,M,CN,fey,MTF,9.37
27.0,13,7,16,15,10,11,15,-2.0,5.0,2.0,0.0,0.0,2.0,25,0,0,0,25,False,S,other,humanoid,other,1.4108333333333332
130.0,19,12,16,14,18,22,17,1.0,7.0,2.0,4.0,10.0,3.0,60,0,0,0,0,False,"S, M",A,humanoid,other,11.29
97.0,14,11,16,14,19,16,15,0.0,3.0,7.0,9.0,8.0,2.0,30,0,0,0,0,False,M,NE,undead,GGR,13.003333333333336
49.0,12,9,14,11,17,12,11,-1.0,2.0,0.0,6.0,4.0,0.0,30,0,0,0,0,False,M,A,humanoid,MPMM,6.16
230.0,16,29,14,20,16,18,18,14.0,2.0,10.0,3.0,9.0,9.0,50,0,50,0,0,False,H,CG,giant,SKT,12.97
297.0,20,28,7,25,5,14,18,9.0,5.0,7.0,-3.0,9.0,4.0,15,80,0,0,0,True,G,U,monstrosity,MTF,19.11
31.0,15,11,16,13,10,5,16,0.0,3.0,1.0,0.0,-3.0,3.0,0,0,0,0,0,False,S,CE,humanoid,OotA,1.639
45.0,14,15,14,14,6,11,4,4.0,4.0,2.0,-2.0,2.0,-3.0,30,0,0,0,0,False,M,NE,humanoid,VGM,2.09
2.0,12,13,14,11,5,10,4,1.0,2.0,0.0,-3.0,0.0,-3.0,20,0,0,0,20,False,T,NE,undead,MM,0.0225
136.0,17,18,18,18,17,20,20,4.0,4.0,4.0,3.0,9.0,9.0,30,90,0,0,0,False,M,LE,celestial,CoS,10.37
51.0,14,18,17,16,5,12,7,4.0,3.0,3.0,-3.0,1.0,-2.0,40,40,0,0,0,True,L,NE,fey,MPMM,3.24
156.0,13,10,16,14,20,15,16,0.0,3.0,2.0,10.0,7.0,3.0,30,0,0,0,0,False,M,NE,humanoid,other,13.57
7.0,15,8,14,10,10,8,8,-1.0,2.0,0.0,0.0,-1.0,-1.0,30,0,0,0,0,False,S,NE,humanoid,MM,0.21
14.0,15,11,12,11,12,14,16,0.0,1.0,0.0,1.0,2.0,3.0,30,0,0,0,0,False,M,LG,humanoid,CoS,0.85625
212.0,19,25,10,23,16,15,19,7.0,5.0,11.0,3.0,7.0,9.0,40,80,40,0,0,False,H,LG,dragon,other,15.57
184.0,18,28,7,22,1,8,4,9.0,-2.0,11.0,-5.0,4.0,-3.0,50,0,0,30,0,False,G,U,monstrosity,other,12.95
75.0,15,18,10,15,6,12,7,4.0,0.0,2.0,-2.0,1.0,-2.0,30,0,0,0,30,False,L,N,monstrosity,TftYP,3.31
83.0,16,11,18,14,11,11,12,0.0,7.0,2.0,3.0,0.0,1.0,30,0,0,0,0,False,M,A,humanoid,VGM,6.3
59.0,11,19,8,16,5,7,7,4.0,-1.0,3.0,-3.0,-2.0,-2.0,40,0,0,0,0,False,L,CE,construct,other,2.01
31.0,19,15,10,9,12,17,17,2.0,0.0,-1.0,1.0,5.0,5.0,30,0,0,0,0,False,M,LG,humanoid,WBtW,1.8475
256.0,19,27,10,25,16,13,21,8.0,6.0,13.0,3.0,7.0,11.0,40,80,0,0,40,False,H,CE,dragon,MM,16.99
27.0,13,10,10,12,13,16,13,0.0,0.0,1.0,1.0,3.0,1.0,30,0,0,0,0,False,M,NE,humanoid,WDMM,2.0
5.0,15,10,13,12,4,10,5,0.0,1.0,1.0,-3.0,0.0,-3.0,30,30,0,0,0,False,M,LN,construct,other,0.11625
91.0,17,12,20,16,13,11,10,1.0,9.0,3.0,5.0,0.0,0.0,30,0,0,0,0,False,S,NE,humanoid,other,9.67
39.0,18,15,16,15,7,12,8,2.0,3.0,2.0,-2.0,1.0,-1.0,40,0,0,20,40,False,M,U,monstrosity,MTF,2.06
229.0,17,22,12,26,18,17,18,6.0,5.0,8.0,4.0,7.0,8.0,30,60,90,0,0,False,L,CN,elemental,MM,12.02
200.0,16,27,10,22,12,16,16,8.0,0.0,10.0,1.0,7.0,7.0,40,0,0,0,0,False,H,NE,giant,other,9.3
37.0,18,15,11,16,10,12,10,2.0,0.0,3.0,0.0,3.0,0.0,30,0,0,0,0,False,M,NE,undead,TftYP,1.73
78.0,15,11,16,14,13,11,10,0.0,6.0,2.0,4.0,0.0,0.0,30,0,0,0,0,False,M,other,humanoid,MM,7.91
60.0,17,19,14,17,14,11,16,4.0,4.0,5.0,2.0,2.0,5.0,30,60,30,0,0,False,M,LG,dragon,MM,3.19
202.0,19,15,14,17,22,23,18,2.0,2.0,3.0,12.0,12.0,4.0,30,50,0,0,0,False,M,LE,fiend,MPMM,17.07
9.0,12,11,12,10,10,11,10,0.0,1.0,0.0,0.0,0.0,0.0,30,0,0,0,0,False,M,other,humanoid,other,0.12
59.0,11,19,8,16,5,7,7,4.0,-1.0,3.0,-3.0,-2.0,-2.0,40,0,0,0,0,False,L,CE,giant,TftYP,2.0
,15,10,10,10,10,10,10,0.0,0.0,0.0,0.0,0.0,0.0,0,60,0,0,0,False,T,N,construct,WDH,0.495
367.0,22,27,14,25,16,15,19,8.0,9.0,14.0,3.0,9.0,11.0,40,80,40,0,0,False,G,CE,dragon,MM,21.16
97.0,17,18,10,17,11,18,16,4.0,0.0,8.0,5.0,9.0,8.0,20,0,0,0,0,False,M,LE,undead,other,13.81866666666667
14.0,15,3,20,13,14,12,16,-4.0,5.0,1.0,2.0,1.0,3.0,10,60,0,0,0,False,T,CG,dragon,MM,1.6096190476190473
104.0,14,11,18,14,15,12,18,0.0,8.0,6.0,2.0,1.0,4.0,30,0,0,0,0,False,M,NE,humanoid,MPMM,8.79
119.0,21,20,5,19,15,14,13,5.0,-3.0,8.0,2.0,6.0,1.0,25,0,0,0,0,False,M,LE,humanoid,MTF,10.4
200.0,14,27,10,22,12,16,16,8.0,0.0,10.0,1.0,7.0,7.0,40,0,0,0,0,False,H,NE,giant,WDMM,9.13
110.0,17,19,10,17,12,11,15,4.0,3.0,6.0,1.0,3.0,5.0,40,80,0,20,0,False,L,CG,dragon,MM,6.68
75.0,17,19,10,14,2,12,5,4.0,0.0,2.0,-4.0,1.0,-3.0,30,0,40,0,0,False,L,U,beast,ToA,3.31
67.0,14,18,14,15,9,12,6,4.0,2.0,2.0,-1.0,1.0,-2.0,50,0,0,0,0,False,L,CE,monstrosity,VGM,2.97
162.0,15,11,17,14,19,14,16,0.0,3.0,7.0,9.0,2.0,8.0,30,0,0,0,30,False,M,CE,humanoid,MTF,12.32
1.0,13,5,16,8,2,14,6,-3.0,3.0,-1.0,-4.0,2.0,-2.0,10,60,0,0,0,False,T,U,beast,WDH,0.00875
195.0,17,24,10,20,7,12,13,7.0,0.0,10.0,-2.0,1.0,1.0,40,0,0,0,0,False,H,CE,monstrosity,other,10.68
19.0,12,16,14,14,6,12,7,3.0,2.0,2.0,-2.0,1.0,-2.0,30,0,0,0,30,False,M,U,beast,MM,0.49
42.0,12,16,7,16,1,6,2,3.0,-2.0,3.0,-5.0,-2.0,-4.0,20,0,0,0,0,False,L,U,monstrosity,SKT,1.98
66.0,12,16,14,13,14,12,16,3.0,2.0,1.0,2.0,1.0,3.0,30,0,0,0,0,False,M,NE,monstrosity,ToA,3.01
136.0,16,16,16,21,24,26,28,3.0,3.0,9.0,7.0,12.0,9.0,30,0,0,0,0,False,L,NE,elemental,IDRotF,11.0
13.0,11,14,10,14,6,10,6,2.0,0.0,2.0,-2.0,0.0,-2.0,30,0,0,0,0,False,M,CE,humanoid,WDMM,0.265
540.0,19,28,15,25,24,24,26,17.0,2.0,15.0,15.0,7.0,16.0,20,0,0,20,20,False,H,LE,fiend,other,26.01
216.0,19,28,22,25,21,24,24,16.0,6.0,14.0,5.0,14.0,14.0,40,0,0,0,0,False,H,CE,fiend,MTF,19.42
52.0,12,12,15,14,10,11,16,1.0,2.0,2.0,0.0,0.0,3.0,30,0,0,0,0,False,M,NE,humanoid,other,2.85
39.0,16,15,12,15,14,12,14,2.0,3.0,4.0,2.0,3.0,4.0,30,60,0,20,0,False,M,LN,dragon,FTD,1.99
22.0,16,10,13,12,7,11,8,0.0,1.0,1.0,-2.0,0.0,-1.0,30,0,0,0,0,False,M,NE,humanoid,VGM,0.62
33.0,12,17,14,10,1,3,1,3.0,2.0,0.0,-5.0,-4.0,-5.0,10,0,0,0,0,False,L,U,construct,MM,1.805
300.0,19,26,14,24,22,18,24,8.0,8.0,13.0,6.0,10.0,7.0,30,60,0,0,0,False,L,LE,fiend,MM,20.76
225.0,19,25,10,23,16,15,19,7.0,5.0,11.0,3.0,7.0,9.0,40,80,0,30,0,False,H,LE,dragon,MM,15.71
44.0,10,11,10,13,12,10,14,0.0,2.0,3.0,1.0,0.0,2.0,30,0,0,0,0,False,M,N,humanoid,other,1.815
27.0,12,10,15,10,12,14,16,0.0,2.0,0.0,1.0,2.0,3.0,30,0,0,0,0,False,M,A,humanoid,TftYP,1.0
76.0,16,19,15,16,14,13,17,4.0,5.0,6.0,5.0,4.0,3.0,30,0,50,0,0,False,L,LE,humanoid,MM,6.29
38.0,14,10,18,12,13,14,16,0.0,4.0,1.0,1.0,2.0,3.0,30,0,30,0,0,False,M,CG,fey,TftYP,2.75
7.0,15,8,14,10,10,8,8,-1.0,2.0,0.0,0.0,-1.0,-1.0,30,0,0,0,0,False,S,N,humanoid,OotA,0.20875
144.0,16,18,18,18,17,15,18,4.0,9.0,4.0,3.0,7.0,9.0,30,0,0,0,0,False,M,LE,undead,other,13.13
187.0,15,19,16,14,1,15,4,4.0,3.0,2.0,-5.0,2.0,-3.0,30,0,30,0,20,False,H,NE,undead,other,8.86
4.0,10,10,10,10,10,10,10,0.0,0.0,0.0,0.0,0.0,0.0,30,0,0,0,0,False,M,A,humanoid,TftYP,0.0
68.0,14,10,18,18,12,10,7,0.0,4.0,4.0,1.0,0.0,-2.0,30,30,0,0,0,True,M,U,construct,IDRotF,5.06
68.0,15,19,11,15,2,12,5,4.0,0.0,2.0,-4.0,1.0,-3.0,30,0,0,0,0,False,H,U,beast,other,3.01
32.0,11,9,13,14,17,10,15,-1.0,1.0,2.0,3.0,0.0,2.0,0,0,0,0,0,False,M,LE,humanoid,IDRotF,1.3675
68.0,13,18,15,16,10,13,15,4.0,2.0,3.0,0.0,1.0,2.0,60,90,0,0,0,False,L,NE,fiend,MM,3.75
40.0,12,9,14,11,17,12,11,-1.0,2.0,0.0,6.0,4.0,0.0,30,0,0,0,0,False,M,A,humanoid,OotA,6.033333333333334
93.0,9,19,9,18,6,10,5,4.0,-1.0,4.0,-2.0,0.0,-3.0,30,0,0,0,0,False,M,N,construct,other,4.9558333333333335
45.0,14,15,14,14,6,11,4,4.0,4.0,2.0,-2.0,2.0,-3.0,30,0,0,0,0,False,M,NE,monstrosity,MPMM,2.13
75.0,15,18,10,15,2,6,1,4.0,0.0,2.0,-4.0,-2.0,-5.0,20,0,0,0,20,False,M,U,plant,OotA,4.035
27.0,13,10,10,12,13,16,13,0.0,0.0,1.0,1.0,3.0,1.0,25,0,30,0,0,False,M,NG,humanoid,WDH,2.0
2.0,13,2,16,11,1,10,3,-4.0,3.0,0.0,-5.0,0.0,-4.0,30,0,30,0,0,False,T,U,beast,MM,0.0875
27.0,13,15,10,13,10,15,8,2.0,0.0,1.0,0.0,2.0,-1.0,30,0,30,0,0,False,M,N,humanoid,MM,1.97
94.0,19,19,10,25,1,12,1,4.0,0.0,7.0,-5.0,1.0,-5.0,30,0,0,0,20,False,H,U,construct,WDMM,7.19
1.0,10,2,11,9,10,10,4,-4.0,0.0,-1.0,0.0,0.0,-3.0,20,0,0,0,0,False,T,U,beast,WDH,0.0
136.0,17,18,15,16,18,18,18,4.0,2.0,3.0,4.0,4.0,4.0,40,60,0,0,0,False,L,LN,monstrosity,MM,10.7
18.0,13,8,16,15,14,11,10,-1.0,3.0,2.0,4.0,0.0,2.0,20,0,0,0,0,False,T,LE,ooze,MPMM,0.3475
187.0,18,25,9,23,10,14,13,7.0,3.0,10.0,0.0,2.0,5.0,30,0,0,0,0,False,H,LE,giant,TftYP,10.59
97.0,12,11,14,14,19,15,13,0.0,2.0,5.0,7.0,5.0,4.0,30,0,0,0,0,False,"S, M",A,humanoid,other,7.263333333333333
,15,17,16,17,18,18,21,3.0,3.0,6.0,4.0,7.0,5.0,30,0,0,0,0,False,M,NE,monstrosity,ToA,1.16625
119.0,15,17,10,19,7,10,9,6.0,0.0,4.0,-2.0,0.0,-1.0,30,0,0,0,0,False,M,NE,fiend,MPMM,6.47
13.0,14,9,16,12,10,12,10,-1.0,3.0,1.0,0.0,1.0,0.0,30,0,0,0,0,False,S,CN,fey,MPMM,0.34375
210.0,19,22,16,20,3,11,4,6.0,8.0,10.0,-4.0,5.0,-3.0,40,0,0,0,40,False,L,LE,construct,MTF,14.06
157.0,17,12,19,22,6,11,7,1.0,8.0,10.0,-2.0,0.0,-2.0,40,0,0,0,0,False,M,CE,fiend,MTF,10.92
42.0,12,9,10,9,17,13,11,2.0,3.0,2.0,6.0,4.0,3.0,30,0,0,0,0,False,M,LG,humanoid,WBtW,5.39
58.0,12,1,14,10,12,11,17,-5.0,2.0,0.0,1.0,2.0,5.0,0,40,0,0,0,True,M,CE,undead,IDRotF,3.88
136.0,17,18,18,18,17,20,20,4.0,4.0,4.0,3.0,9.0,9.0,30,90,0,0,0,False,M,LG,celestial,other,10.3
126.0,14,10,14,12,20,11,16,2.0,4.0,3.0,12.0,7.0,5.0,30,0,0,0,0,False,M,LN,humanoid,WDH,12.25
44.0,15,11,14,12,10,13,14,0.0,4.0,1.0,0.0,3.0,2.0,30,0,0,0,0,False,M,A,humanoid,VGM,2.08
27.0,11,6,12,12,2,13,5,-2.0,1.0,1.0,-4.0,1.0,-3.0,20,40,0,0,0,False,S,U,monstrosity,MM,0.745
66.0,17,12,18,12,14,11,15,1.0,4.0,1.0,2.0,0.0,2.0,30,0,0,0,0,False,M,CG,humanoid,WDH,3.23
127.0,16,18,15,16,11,8,12,4.0,2.0,3.0,0.0,-1.0,1.0,30,0,0,0,0,False,L,CN,aberration,MM,7.72
97.0,13,14,16,15,15,13,19,2.0,6.0,2.0,5.0,4.0,7.0,40,0,0,0,0,False,"S, M",A,humanoid,other,7.003333333333333
67.0,15,10,14,16,15,15,13,0.0,2.0,3.0,5.0,5.0,4.0,0,20,0,0,0,True,M,LE,aberration,VGM,5.7
26.0,14,14,9,15,12,13,8,2.0,-1.0,2.0,1.0,1.0,-1.0,30,0,0,0,0,False,M,A,construct,other,1.095
4.0,10,10,10,10,10,10,10,0.0,0.0,0.0,0.0,0.0,0.0,30,0,0,0,0,False,M,A,humanoid,TftYP,0.0
172.0,18,23,10,21,14,13,17,6.0,5.0,10.0,2.0,6.0,8.0,40,80,0,40,0,False,H,CG,dragon,MM,11.25
405.0,17,27,14,25,20,20,25,8.0,10.0,15.0,5.0,13.0,7.0,40,40,0,0,0,False,H,CE,fiend,MTF,25.52
58.0,15,15,16,12,15,15,16,2.0,3.0,1.0,2.0,2.0,3.0,30,0,0,0,0,False,L,LE,undead,MM,4.07
52.0,13,10,17,14,19,10,13,0.0,6.0,2.0,4.0,0.0,1.0,30,0,0,0,0,False,M,CN,humanoid,GGR,4.49
11.0,13,12,16,13,3,12,4,1.0,3.0,1.0,-4.0,1.0,-3.0,40,0,0,0,40,False,M,U,beast,OotA,0.40875
5.0,12,7,15,9,8,7,8,-2.0,2.0,-1.0,-1.0,-2.0,-1.0,30,0,0,0,0,False,S,LE,humanoid,MM,0.09875
13.0,12,7,15,12,8,7,8,-2.0,2.0,1.0,-1.0,-2.0,-1.0,30,0,0,0,0,False,S,LE,humanoid,VGM,0.34125
40.0,13,6,17,10,17,15,16,-2.0,3.0,0.0,6.0,5.0,3.0,0,40,0,0,0,True,M,LE,undead,MTF,5.305
190.0,18,22,14,21,14,15,17,11.0,7.0,5.0,2.0,2.0,3.0,40,60,0,0,0,False,M,CE,fiend,MPMM,14.57
34.0,11,19,10,16,2,13,7,4.0,0.0,3.0,-4.0,1.0,-2.0,40,0,0,0,30,False,L,U,beast,WDMM,1.0325
42.0,14,19,16,14,7,14,10,4.0,3.0,2.0,-2.0,2.0,0.0,60,0,0,0,0,False,H,U,beast,MM,2.17
22.0,13,8,15,12,14,10,16,-1.0,2.0,1.0,2.0,0.0,3.0,30,0,0,0,0,False,M,A,humanoid,other,0.66875
59.0,13,19,6,15,10,10,7,4.0,-2.0,2.0,0.0,0.0,-2.0,20,0,0,0,0,False,H,U,plant,MM,2.44
75.0,15,18,10,15,6,12,7,4.0,0.0,2.0,-2.0,1.0,-2.0,30,0,0,0,30,False,L,N,monstrosity,MM,3.24
2.0,10,10,10,10,10,10,10,0.0,0.0,0.0,0.0,0.0,0.0,30,0,0,0,0,False,M,A,humanoid,other,0.0025
13.0,11,14,12,14,2,10,5,2.0,1.0,2.0,-4.0,0.0,-3.0,40,0,0,0,30,False,M,U,beast,IDRotF,0.15625
11.0,11,12,10,15,6,12,7,1.0,0.0,2.0,-2.0,1.0,-2.0,15,0,0,0,15,False,S,N,monstrosity,OotA,0.21625
66.0,15,12,16,12,11,14,10,1.0,3.0,1.0,0.0,2.0,0.0,30,0,0,0,30,False,M,CE,monstrosity,VGM,3.17
264.0,17,22,9,20,9,11,9,6.0,-1.0,5.0,-1.0,0.0,-1.0,30,0,0,0,0,False,H,U,construct,WDMM,11.93
4.0,10,10,10,10,10,10,10,0.0,0.0,0.0,0.0,0.0,0.0,30,0,0,0,0,False,M,CE,humanoid,TftYP,0.0
262.0,19,26,15,22,20,16,22,14.0,2.0,12.0,5.0,9.0,12.0,40,80,0,0,0,False,H,CE,fiend,other,18.27
18.0,13,8,16,15,14,11,10,-1.0,3.0,2.0,4.0,0.0,2.0,20,0,0,0,0,False,T,LE,ooze,MTF,0.34625
93.0,17,19,9,18,6,10,5,4.0,-1.0,4.0,-2.0,0.0,-3.0,30,0,0,0,0,False,M,N,construct,ToA,5.469999999999999
11.0,10,15,10,13,2,11,7,2.0,0.0,1.0,-4.0,0.0,-2.0,40,0,0,0,0,False,M,U,beast,MM,0.15
256.0,19,27,10,25,8,13,21,8.0,6.0,13.0,-1.0,7.0,11.0,40,80,0,0,40,False,H,CE,dragon,other,16.7
75.0,15,18,14,15,11,16,9,4.0,2.0,2.0,0.0,3.0,-1.0,10,0,40,0,0,False,L,CE,monstrosity,EGW,4.27
78.0,10,16,10,15,3,5,5,3.0,0.0,2.0,-4.0,-3.0,-3.0,30,0,0,0,0,False,M,other,undead,other,4.17
7.0,15,4,15,12,10,10,7,-3.0,2.0,1.0,0.0,0.0,-2.0,40,0,0,0,40,False,T,N,construct,other,0.2375
168.0,17,20,12,18,7,11,7,5.0,1.0,8.0,-2.0,4.0,-2.0,60,0,0,40,40,False,H,U,elemental,MTF,9.57
93.0,9,19,9,18,6,10,5,4.0,-1.0,4.0,-2.0,0.0,-3.0,30,0,0,0,0,False,M,N,construct,TftYP,4.985833333333333
112.0,20,17,14,16,11,10,17,3.0,2.0,6.0,0.0,3.0,3.0,25,0,0,0,0,False,M,N,humanoid,other,5.81
1.0,10,2,11,9,2,10,4,-4.0,0.0,-1.0,-4.0,0.0,-3.0,20,0,0,0,0,False,T,U,beast,WDMM,0.0
85.0,14,21,12,17,9,15,10,5.0,1.0,3.0,-1.0,2.0,0.0,20,0,0,0,0,False,L,N,monstrosity,IDRotF,4.92
27.0,11,10,12,13,12,15,11,0.0,1.0,1.0,1.0,2.0,0.0,30,0,0,0,0,False,M,NG,humanoid,ToA,2.0
93.0,14,18,13,17,3,10,4,4.0,1.0,3.0,-4.0,0.0,-3.0,30,0,0,30,0,False,L,U,monstrosity,MM,5.09
66.0,17,12,18,12,14,14,15,1.0,4.0,1.0,2.0,2.0,2.0,30,0,0,0,0,False,M,LE,humanoid,other,3.37
39.0,13,12,16,14,11,10,11,1.0,3.0,2.0,0.0,0.0,0.0,30,40,0,0,0,False,M,NG,humanoid,GGR,1.94
30.0,13,15,13,13,2,10,5,2.0,1.0,1.0,-4.0,0.0,-3.0,10,80,0,0,0,False,H,U,beast,VGM,1.875
153.0,17,14,12,18,22,19,16,2.0,6.0,4.0,11.0,9.0,8.0,30,0,0,0,0,False,M,LE,aberration,MTF,13.58
7.0,13,8,14,10,13,7,7,-1.0,2.0,0.0,1.0,-2.0,-2.0,30,0,0,0,0,False,S,CE,humanoid,VGM,0.275
45.0,16,16,11,15,13,10,12,3.0,0.0,2.0,1.0,0.0,1.0,30,0,0,0,0,False,M,LE,humanoid,EGW,1.5566666666666669
275.0,22,30,14,26,18,24,16,10.0,9.0,15.0,4.0,14.0,3.0,40,0,0,0,0,False,H,CE,fiend,MTF,21.31
112.0,16,18,15,16,10,12,15,7.0,5.0,6.0,0.0,1.0,2.0,30,0,0,0,0,False,M,A,humanoid,IDRotF,5.03
40.0,11,11,12,11,13,12,14,0.0,1.0,0.0,1.0,1.0,2.0,30,0,0,0,0,False,M,NE,humanoid,MM,1.66
4.0,10,10,10,10,10,10,10,0.0,0.0,0.0,0.0,0.0,0.0,25,0,0,0,0,False,S,LG,humanoid,WDH,0.0
33.0,13,11,14,12,10,13,14,0.0,2.0,1.0,0.0,1.0,2.0,30,0,0,0,0,False,M,other,humanoid,IDRotF,1.86
38.0,15,18,7,12,5,5,5,4.0,-2.0,1.0,-3.0,-3.0,-3.0,20,0,0,0,0,False,M,LE,construct,MTF,2.76
123.0,24,12,22,14,20,16,19,1.0,11.0,2.0,5.0,8.0,4.0,30,0,0,0,0,False,M,CN,humanoid,WDH,13.43
75.0,15,10,14,14,15,15,10,0.0,2.0,2.0,5.0,5.0,0.0,0,20,0,0,0,True,L,LE,aberration,VGM,5.54
4.0,10,10,10,10,10,16,10,0.0,0.0,0.0,0.0,3.0,0.0,25,0,0,0,0,False,M,LN,humanoid,WDH,0.025
49.0,13,7,16,15,10,11,12,-2.0,5.0,2.0,0.0,0.0,1.0,25,0,0,0,25,False,S,A,humanoid,MPMM,2.22
45.0,14,15,14,16,10,13,15,2.0,2.0,3.0,0.0,1.0,2.0,30,0,0,0,0,False,M,LE,undead,ToA,2.79
7.0,13,8,14,10,8,7,7,-1.0,2.0,0.0,-1.0,-2.0,-2.0,30,0,0,0,0,False,S,CE,monstrosity,MPMM,0.19125
39.0,18,15,16,15,7,12,8,2.0,3.0,2.0,-2.0,1.0,-1.0,40,0,0,20,40,False,M,U,monstrosity,MPMM,2.06
22.0,13,11,17,12,13,14,9,0.0,3.0,1.0,1.0,2.0,-1.0,30,0,0,0,30,False,M,NG,humanoid,GGR,0.73125
16.0,13,11,14,12,11,13,11,0.0,2.0,1.0,0.0,1.0,0.0,30,0,0,0,0,False,M,N,humanoid,CoS,0.505
7.0,15,8,14,10,10,8,8,-1.0,2.0,0.0,0.0,-1.0,-1.0,30,0,0,0,0,False,S,NE,humanoid,VGM,0.2375
136.0,15,19,14,16,5,12,6,4.0,2.0,3.0,-3.0,1.0,-2.0,50,0,0,0,0,False,L,CE,monstrosity,other,6.39
123.0,15,21,8,17,6,10,8,5.0,-1.0,3.0,-2.0,0.0,-1.0,40,0,0,0,0,False,L,CN,giant,other,5.79
13.0,12,8,15,16,2,13,8,-1.0,2.0,3.0,-4.0,1.0,-1.0,30,80,0,0,0,False,S,U,monstrosity,IDRotF,0.27
24.0,10,9,10,9,17,15,11,-1.0,0.0,-1.0,5.0,4.0,0.0,30,0,0,0,0,False,M,LG,humanoid,WDH,1.6475
28.0,14,8,17,13,1,10,5,-1.0,5.0,1.0,-5.0,2.0,-3.0,30,0,0,10,30,False,T,U,monstrosity,FTD,1.8225
68.0,15,16,11,18,11,12,13,6.0,0.0,7.0,0.0,1.0,1.0,30,40,0,0,0,False,M,LE,fiend,MTF,5.77
4.0,10,10,10,10,10,10,10,0.0,0.0,0.0,0.0,0.0,0.0,30,0,0,0,0,False,M,CN,humanoid,CoS,0.0
9.0,11,11,12,12,19,17,17,0.0,1.0,1.0,7.0,6.0,6.0,30,0,0,0,0,False,M,LE,aberration,IDRotF,0.4675
66.0,13,1,17,12,14,13,14,-5.0,5.0,1.0,2.0,1.0,4.0,30,30,0,0,0,False,M,CE,fiend,MM,3.86
52.0,10,16,11,14,11,11,15,3.0,0.0,4.0,0.0,2.0,2.0,30,0,0,0,0,False,M,CG,humanoid,WBtW,2.97
127.0,16,11,14,18,20,12,12,0.0,2.0,8.0,9.0,5.0,5.0,30,0,0,0,0,False,M,NE,humanoid,other,9.0
97.0,19,16,20,17,18,20,18,3.0,5.0,5.0,4.0,7.0,6.0,30,90,0,0,0,False,M,LG,celestial,ToA,4.96
84.0,6,14,3,20,10,6,1,2.0,-4.0,5.0,0.0,-2.0,-5.0,15,0,0,0,0,False,L,U,ooze,OotA,2.867333333333334
60.0,20,18,13,16,10,10,10,4.0,1.0,3.0,0.0,0.0,0.0,30,30,0,0,0,False,M,U,construct,MM,3.75
22.0,14,14,10,11,8,8,16,2.0,0.0,0.0,-1.0,-1.0,3.0,30,0,40,0,0,False,M,NE,humanoid,EGW,2.1125
90.0,15,17,15,15,3,12,8,3.0,2.0,2.0,-4.0,1.0,-1.0,10,0,40,0,0,False,L,U,monstrosity,TftYP,5.45
22.0,8,13,6,16,3,6,5,1.0,-2.0,3.0,-4.0,0.0,-3.0,20,0,0,0,0,False,M,NE,undead,other,0.34875
60.0,16,18,14,17,11,12,12,4.0,2.0,3.0,0.0,1.0,1.0,30,0,0,0,0,False,M,A,humanoid,MPMM,3.11
120.0,17,15,13,17,14,16,18,2.0,1.0,3.0,2.0,6.0,7.0,30,0,0,0,0,False,M,LG,humanoid,ToA,6.34
385.0,21,27,12,25,20,17,19,8.0,8.0,14.0,5.0,10.0,11.0,40,80,40,0,0,False,G,LE,dragon,SKT,21.85
27.0,11,10,12,13,12,15,11,0.0,1.0,1.0,1.0,2.0,0.0,30,0,0,0,0,False,M,A,humanoid,MM,2.0
27.0,16,15,14,13,8,11,9,2.0,2.0,1.0,-1.0,0.0,-1.0,30,0,0,0,0,False,M,CE,humanoid,TftYP,1.23
114.0,15,18,14,18,14,16,8,7.0,2.0,7.0,2.0,3.0,-1.0,30,0,30,0,0,False,L,LN,giant,other,7.88
2.0,10,10,10,10,10,10,10,0.0,0.0,0.0,0.0,0.0,0.0,30,0,0,0,0,False,M,LN,humanoid,CoS,0.0
136.0,11,25,6,19,1,3,5,7.0,-2.0,4.0,-5.0,-4.0,-3.0,40,0,0,0,0,False,H,U,undead,ToA,6.83
78.0,15,16,16,14,13,11,16,3.0,6.0,2.0,4.0,0.0,3.0,30,0,0,0,0,False,M,other,humanoid,TftYP,7.59
95.0,14,18,13,20,9,9,9,4.0,1.0,5.0,-1.0,-1.0,-1.0,30,0,0,0,0,False,M,CE,fiend,MPMM,5.2
27.0,14,14,14,11,3,14,5,2.0,2.0,0.0,-4.0,2.0,-3.0,30,0,0,0,30,False,M,N,monstrosity,MM,1.61
2.0,12,3,15,10,3,12,7,-4.0,2.0,0.0,-4.0,1.0,-2.0,40,0,0,0,30,False,T,U,undead,WBtW,0.00875
247.0,18,28,7,22,1,8,4,9.0,-2.0,11.0,-5.0,4.0,-3.0,50,0,0,30,0,False,G,U,monstrosity,MM,14.82
195.0,17,22,9,20,3,11,1,6.0,-1.0,5.0,-4.0,0.0,-5.0,30,0,0,0,0,False,H,U,construct,SKT,10.23
85.0,7,16,5,16,6,6,1,3.0,-3.0,3.0,-2.0,-2.0,-5.0,20,0,0,0,20,False,L,U,ooze,OotA,4.401119047619048
9.0,12,11,12,10,10,11,10,0.0,1.0,0.0,0.0,0.0,0.0,30,0,0,0,0,False,M,other,humanoid,other,0.12
10.0,14,8,16,10,10,10,8,-1.0,3.0,0.0,0.0,0.0,-1.0,30,0,0,0,0,False,S,NE,humanoid,other,0.2425
49.0,12,9,14,11,17,12,11,-1.0,2.0,0.0,6.0,4.0,0.0,30,0,0,0,0,False,M,A,humanoid,MPMM,6.16
51.0,8,15,6,14,2,6,1,2.0,-2.0,2.0,-4.0,-2.0,-5.0,10,0,0,0,10,False,H,U,ooze,TftYP,2.12
178.0,17,22,9,20,3,11,1,6.0,-1.0,5.0,-4.0,0.0,-5.0,30,0,0,0,0,False,L,U,construct,OotA,10.01
63.0,11,9,13,10,18,13,11,-1.0,1.0,0.0,6.0,3.0,0.0,30,0,0,0,0,False,M,LN,humanoid,GGR,3.91
26.0,16,14,11,14,11,10,9,2.0,0.0,2.0,0.0,0.0,-1.0,25,0,0,0,0,False,M,LE,humanoid,MM,1.525
127.0,15,10,15,16,12,13,15,0.0,2.0,3.0,1.0,1.0,2.0,30,0,0,0,0,False,M,LE,monstrosity,MM,6.04
78.0,15,11,16,14,13,11,10,0.0,6.0,2.0,4.0,0.0,0.0,30,0,0,0,0,False,M,LN,humanoid,other,7.95
250.0,15,26,12,22,15,16,17,8.0,1.0,10.0,6.0,3.0,7.0,40,40,0,0,0,True,H,CN,giant,MPMM,11.95
207.0,17,22,10,21,14,14,11,6.0,0.0,5.0,2.0,2.0,0.0,30,0,0,10,0,False,H,LN,construct,IDRotF,10.72
90.0,17,19,15,14,13,12,14,4.0,2.0,2.0,1.0,1.0,2.0,0,0,0,0,0,False,L,NE,fiend,VGM,5.136666666666668
123.0,18,13,18,15,9,10,10,1.0,4.0,2.0,-1.0,0.0,0.0,40,0,0,0,0,False,M,N,elemental,MTF,6.73
45.0,14,15,14,16,10,13,15,2.0,2.0,3.0,0.0,1.0,2.0,30,0,0,0,0,False,M,NE,undead,other,2.69
165.0,18,14,20,16,18,11,18,2.0,5.0,3.0,4.0,0.0,4.0,30,0,0,0,0,False,M,CE,fey,other,9.94
178.0,17,22,9,20,3,11,1,6.0,-1.0,5.0,-4.0,0.0,-5.0,30,0,0,0,0,False,L,U,construct,MM,10.01
93.0,16,18,13,16,12,14,16,4.0,4.0,6.0,1.0,5.0,6.0,40,80,40,20,0,False,L,NE,dragon,FTD,5.31
22.0,19,1,28,10,13,14,11,-5.0,9.0,0.0,1.0,2.0,0.0,0,50,0,0,0,True,T,CG,undead,WBtW,1.8729166666666666
84.0,14,19,12,21,3,14,8,4.0,1.0,5.0,-4.0,2.0,-1.0,30,0,0,0,0,False,L,U,monstrosity,MPMM,4.98
33.0,10,13,11,12,9,11,14,1.0,0.0,1.0,-1.0,0.0,2.0,30,0,0,0,0,False,M,NE,elemental,MPMM,1.0175
138.0,20,23,15,21,10,12,9,6.0,6.0,9.0,0.0,5.0,-1.0,40,0,0,0,0,False,H,CN,giant,GGR,8.47
49.0,12,10,14,10,20,15,16,0.0,2.0,0.0,8.0,5.0,3.0,30,0,0,0,0,False,M,NE,humanoid,GGR,5.63
19.0,9,8,6,16,3,6,3,-1.0,-2.0,3.0,-4.0,0.0,-4.0,20,0,0,0,0,False,S,NE,undead,IDRotF,0.24
59.0,13,18,16,16,5,12,7,4.0,3.0,3.0,-3.0,1.0,-2.0,40,0,0,0,40,False,L,U,monstrosity,MPMM,3.44
216.0,18,20,16,24,2,10,1,5.0,8.0,7.0,-4.0,5.0,0.0,40,0,0,0,0,False,H,LE,construct,MTF,15.4
150.0,15,11,12,16,19,17,17,0.0,1.0,7.0,8.0,7.0,7.0,30,15,0,0,0,True,M,NE,undead,MPMM,10.41
138.0,16,24,16,21,18,21,19,7.0,3.0,9.0,4.0,9.0,8.0,40,0,0,0,40,False,H,LG,fey,other,10.79
162.0,16,14,19,15,12,14,13,2.0,8.0,6.0,1.0,6.0,1.0,30,0,0,0,0,False,M,NE,humanoid,MTF,9.29
11.0,11,10,13,12,11,11,12,0.0,1.0,1.0,0.0,0.0,1.0,10,0,40,0,0,False,M,N,humanoid,MM,0.16875
59.0,11,19,8,16,5,7,7,4.0,-1.0,3.0,-3.0,-2.0,-2.0,40,0,0,0,0,False,L,CE,giant,TftYP,2.0
32.0,13,11,16,14,10,15,11,0.0,3.0,2.0,0.0,2.0,0.0,30,0,30,0,0,False,M,NE,humanoid,other,1.8758333333333335
91.0,17,11,20,14,11,16,11,0.0,9.0,2.0,0.0,7.0,0.0,30,0,0,0,0,False,M,NG,humanoid,other,7.37
44.0,12,8,14,12,11,10,16,-1.0,2.0,1.0,0.0,0.0,3.0,30,0,0,0,0,False,M,CE,humanoid,other,2.35
26.0,18,16,11,14,11,10,9,3.0,0.0,2.0,0.0,0.0,-1.0,25,0,0,0,0,False,M,other,humanoid,other,1.485
71.0,15,12,16,13,11,12,12,1.0,6.0,1.0,0.0,1.0,4.0,30,0,0,0,0,False,M,A,humanoid,MPMM,5.95
138.0,15,23,9,21,9,10,12,6.0,-1.0,8.0,-1.0,3.0,4.0,40,0,0,0,0,False,H,NE,giant,MM,7.9
7.0,17,12,15,11,1,5,1,1.0,4.0,0.0,-5.0,-3.0,-5.0,0,50,0,0,0,True,T,U,construct,other,0.1975
84.0,15,20,12,20,11,14,8,5.0,1.0,5.0,0.0,2.0,-1.0,30,0,0,0,0,False,L,NE,monstrosity,VGM,4.986666666666667
9.0,12,12,13,12,4,10,6,1.0,1.0,1.0,-3.0,0.0,-2.0,30,0,0,0,0,False,S,U,monstrosity,WBtW,0.1325
67.0,14,16,12,17,9,11,9,3.0,1.0,3.0,-1.0,0.0,-1.0,30,0,0,0,0,False,M,other,humanoid,other,2.98
66.0,13,8,14,12,12,12,12,-1.0,4.0,3.0,1.0,1.0,1.0,30,0,0,0,0,False,M,CN,humanoid,other,2.96
66.0,12,9,14,12,17,12,11,-1.0,2.0,1.0,7.0,5.0,0.0,30,0,0,0,0,False,M,A,humanoid,TftYP,8.391666666666667
150.0,13,16,14,15,6,10,5,3.0,2.0,2.0,-2.0,0.0,-3.0,30,0,0,0,0,False,L,NE,undead,other,7.04
44.0,12,10,14,13,12,11,15,0.0,4.0,1.0,1.0,0.0,4.0,30,0,0,0,0,False,"S, M",A,humanoid,other,1.97
19.0,11,14,12,12,2,10,5,2.0,1.0,1.0,-4.0,0.0,-3.0,50,0,0,0,0,False,L,U,beast,MM,0.265
144.0,16,18,18,18,17,15,18,4.0,9.0,4.0,3.0,7.0,9.0,30,0,0,0,0,False,M,LE,undead,MM,13.887666666666664
2.0,15,3,18,10,14,13,11,-4.0,4.0,0.0,2.0,1.0,0.0,10,40,0,0,0,False,T,NG,fey,MM,0.19
256.0,19,27,14,25,16,15,24,8.0,8.0,13.0,3.0,8.0,13.0,40,80,40,0,0,False,H,LG,dragon,MM,17.44
256.0,19,27,14,25,16,15,24,8.0,8.0,13.0,3.0,8.0,13.0,40,80,40,0,0,False,H,LG,dragon,WDH,17.37
51.0,12,18,13,16,8,12,7,4.0,1.0,3.0,-1.0,1.0,-2.0,40,0,0,0,40,False,L,CE,monstrosity,MM,2.6788809523809527
40.0,12,10,14,10,17,13,13,0.0,2.0,0.0,5.0,3.0,1.0,30,0,0,0,0,False,M,LN,humanoid,other,4.45
19.0,11,17,13,13,2,12,8,3.0,1.0,1.0,-4.0,1.0,-1.0,40,60,0,0,0,False,L,U,monstrosity,other,0.81875
119.0,18,18,11,18,11,14,15,4.0,0.0,4.0,0.0,5.0,5.0,30,0,0,0,0,False,M,NE,humanoid,MPMM,7.38
32.0,11,9,13,15,14,10,9,-1.0,1.0,2.0,2.0,0.0,-1.0,30,0,0,0,0,False,M,LE,undead,other,0.7275
229.0,18,20,16,18,12,12,18,9.0,7.0,8.0,1.0,1.0,4.0,30,0,0,0,0,False,M,A,humanoid,VGM,11.75
22.0,14,12,14,12,8,10,8,1.0,4.0,1.0,-1.0,0.0,-1.0,30,0,0,0,0,False,M,CE,humanoid,VGM,0.85375
11.0,16,13,14,12,10,9,10,1.0,2.0,1.0,0.0,-1.0,0.0,30,0,0,0,0,False,M,CN,humanoid,GGR,0.43625
84.0,17,18,14,15,3,12,8,4.0,2.0,2.0,-4.0,1.0,-1.0,40,0,0,0,0,False,L,U,beast,CoS,5.74
161.0,18,20,16,18,3,11,1,5.0,3.0,4.0,-4.0,0.0,-5.0,60,0,0,0,0,False,L,U,construct,EGW,10.41
42.0,12,18,12,20,12,10,12,4.0,1.0,5.0,1.0,0.0,1.0,30,0,0,0,0,False,L,LE,fiend,EGW,2.58
212.0,19,25,10,23,16,15,19,7.0,5.0,11.0,3.0,7.0,9.0,40,80,40,0,0,False,H,LG,dragon,WDMM,15.57
27.0,12,10,14,12,17,10,11,0.0,2.0,1.0,3.0,0.0,0.0,30,0,0,0,0,False,M,NE,humanoid,other,1.705
138.0,16,18,13,22,5,8,4,4.0,1.0,6.0,-3.0,-1.0,-3.0,30,0,0,0,0,False,L,CE,giant,MTF,8.44
4.0,10,10,10,10,10,10,10,0.0,0.0,0.0,0.0,0.0,0.0,30,0,0,0,0,False,M,LG,humanoid,SKT,0.0
40.0,12,9,14,11,17,12,11,-1.0,2.0,0.0,6.0,4.0,0.0,30,0,0,0,0,False,M,N,humanoid,SKT,5.98
,10,10,10,10,10,10,10,0.0,0.0,0.0,0.0,0.0,0.0,30,0,0,0,0,False,S,N,humanoid,WDH,0.375
5.0,15,10,13,12,4,10,5,0.0,1.0,1.0,-3.0,0.0,-3.0,30,30,0,0,0,False,M,LN,construct,MM,0.11
35.0,13,8,17,9,14,13,10,-1.0,3.0,-1.0,2.0,1.0,0.0,30,0,0,0,0,False,M,LE,humanoid,MTF,2.64
36.0,13,13,10,10,1,10,1,1.0,2.0,2.0,-5.0,2.0,-5.0,30,0,0,0,0,False,M,U,construct,WBtW,1.78
30.0,12,12,11,16,11,14,9,1.0,0.0,3.0,0.0,2.0,-1.0,30,0,0,0,0,False,M,CE,humanoid,VGM,1.66
9.0,9,10,9,13,3,8,4,0.0,-1.0,1.0,-4.0,-1.0,-3.0,20,0,0,0,0,False,S,CE,fiend,MM,0.16625
33.0,12,16,14,13,5,12,5,3.0,2.0,1.0,-3.0,1.0,-3.0,40,0,0,0,0,False,M,NE,monstrosity,MPMM,1.91
82.0,15,16,16,16,11,10,12,3.0,6.0,3.0,0.0,3.0,1.0,30,0,0,0,0,False,M,NE,undead,MM,5.02
31.0,12,9,14,11,17,12,11,-1.0,2.0,0.0,6.0,4.0,0.0,25,0,0,0,0,False,S,LE,humanoid,WDH,5.415
16.0,13,11,14,12,11,13,11,0.0,2.0,1.0,0.0,1.0,0.0,30,0,30,0,0,False,M,NG,humanoid,other,0.555
16.0,14,15,14,11,2,8,3,2.0,2.0,0.0,-4.0,-1.0,-4.0,30,0,0,0,20,False,L,U,beast,ToA,0.48
90.0,17,19,17,14,12,11,16,4.0,3.0,5.0,1.0,0.0,6.0,30,60,0,0,0,False,L,LE,fiend,other,5.42
126.0,17,23,15,20,10,12,9,6.0,5.0,8.0,0.0,4.0,-1.0,40,0,0,0,0,False,H,N,giant,SKT,7.0
67.0,13,16,16,14,3,14,10,3.0,3.0,2.0,-4.0,2.0,0.0,30,0,0,0,0,False,L,U,monstrosity,ToA,3.76
26.0,14,14,16,12,2,11,4,2.0,3.0,1.0,-4.0,0.0,-3.0,30,40,0,0,30,False,L,U,beast,WDMM,1.0058333333333334
7.0,12,7,14,11,10,8,13,-2.0,2.0,0.0,0.0,-1.0,1.0,30,0,0,10,30,False,S,LE,fey,other,0.28
4.0,10,12,10,11,2,10,5,1.0,0.0,0.0,-4.0,0.0,-3.0,40,0,0,0,0,False,M,U,beast,MM,0.0025
71.0,16,10,14,12,13,17,18,0.0,2.0,4.0,1.0,6.0,7.0,30,0,0,0,0,False,M,NE,humanoid,OotA,6.92
52.0,15,12,13,14,11,12,18,1.0,1.0,2.0,0.0,1.0,4.0,30,0,0,0,0,False,M,NE,fey,other,3.13
68.0,11,19,11,16,10,12,6,4.0,0.0,3.0,0.0,1.0,-2.0,40,0,0,0,0,False,L,NE,beast,IDRotF,2.93
27.0,11,10,12,13,12,15,11,0.0,1.0,1.0,1.0,2.0,0.0,30,0,0,0,0,False,M,N,humanoid,IDRotF,2.0
32.0,15,14,16,15,14,15,11,2.0,3.0,2.0,2.0,2.0,0.0,40,0,0,0,0,False,M,LN,fey,MPMM,1.88
507.0,21,28,14,29,30,24,25,9.0,10.0,17.0,10.0,15.0,15.0,60,120,60,60,0,True,G,N,dragon,FTD,26.02
44.0,14,14,16,12,2,11,4,2.0,3.0,1.0,-4.0,0.0,-3.0,30,0,0,0,30,False,L,U,beast,SKT,2.0033333333333334
11.0,12,12,12,13,4,8,3,1.0,1.0,1.0,-3.0,-1.0,-4.0,30,0,0,0,0,False,M,NE,plant,MM,0.19875
112.0,16,18,15,16,10,12,15,7.0,5.0,6.0,0.0,1.0,2.0,30,0,0,0,0,False,M,A,humanoid,MM,4.99
27.0,13,15,10,13,10,15,8,2.0,0.0,1.0,0.0,2.0,-1.0,30,0,30,0,0,False,M,N,humanoid,EGW,1.96
2.0,12,3,15,10,3,12,7,-4.0,2.0,0.0,-4.0,1.0,-2.0,40,0,0,0,30,False,T,U,beast,IDRotF,0.00125
27.0,12,3,7,10,4,10,8,-4.0,-2.0,0.0,-3.0,0.0,-1.0,5,0,0,0,0,False,M,U,plant,WBtW,1.01
161.0,17,20,10,17,3,11,10,5.0,0.0,3.0,-4.0,0.0,0.0,40,0,0,0,0,False,L,U,construct,FTD,9.93
30.0,15,18,13,20,7,9,7,4.0,1.0,5.0,-2.0,-1.0,-2.0,30,0,0,0,0,False,L,CE,giant,TftYP,3.4275
11.0,16,13,12,12,10,11,10,1.0,1.0,1.0,0.0,0.0,0.0,30,0,0,0,0,False,M,LG,humanoid,SKT,0.14375
65.0,15,10,17,14,13,12,15,0.0,3.0,2.0,1.0,1.0,2.0,30,0,0,0,0,False,M,CE,undead,other,4.24
73.0,15,10,15,20,3,11,6,0.0,2.0,5.0,-4.0,0.0,-2.0,25,25,0,0,0,False,L,U,construct,other,4.6
7.0,13,8,14,10,10,8,15,-1.0,2.0,0.0,0.0,-1.0,2.0,30,0,0,0,0,False,S,CE,humanoid,VGM,0.7975
104.0,17,17,12,14,20,16,17,3.0,5.0,2.0,9.0,7.0,7.0,30,30,0,0,0,False,M,NE,fiend,MM,10.5
117.0,18,18,14,14,9,10,10,4.0,2.0,2.0,-1.0,0.0,0.0,30,30,0,0,0,True,M,N,elemental,MTF,6.89
27.0,10,10,10,12,13,16,13,0.0,0.0,1.0,1.0,3.0,1.0,30,0,0,0,0,False,M,LE,humanoid,CoS,1.99
15.0,15,10,12,16,3,6,6,0.0,1.0,3.0,-4.0,-2.0,-2.0,25,25,0,0,0,False,M,U,construct,other,0.69
216.0,18,23,15,16,7,12,6,6.0,2.0,8.0,-2.0,1.0,-2.0,10,60,0,0,0,False,G,U,monstrosity,GGR,12.87
13.0,14,14,10,14,6,10,6,2.0,0.0,2.0,-2.0,0.0,-2.0,30,0,0,0,0,False,M,CE,humanoid,WDMM,0.30625
130.0,7,16,5,16,1,6,1,3.0,-3.0,3.0,-5.0,-2.0,-5.0,20,0,0,0,20,False,H,U,ooze,TftYP,5.14
136.0,17,18,15,16,18,18,18,4.0,2.0,3.0,4.0,4.0,4.0,40,60,0,0,0,False,L,LN,monstrosity,other,10.79
147.0,17,24,11,19,10,10,3,11.0,0.0,8.0,0.0,0.0,-4.0,30,90,0,0,0,False,H,CE,construct,IDRotF,10.75
19.0,20,15,10,14,10,13,12,2.0,0.0,2.0,0.0,1.0,1.0,30,0,0,0,0,False,M,LG,humanoid,GGR,0.72125
346.0,20,22,15,21,23,21,26,6.0,9.0,12.0,6.0,12.0,8.0,40,0,0,0,0,False,L,CE,fiend,MTF,23.47
78.0,15,11,16,14,13,11,10,0.0,6.0,2.0,4.0,0.0,0.0,30,0,0,0,0,False,M,other,humanoid,other,7.88
319.0,22,30,14,26,18,24,16,10.0,9.0,15.0,4.0,14.0,3.0,40,0,0,0,0,False,H,CE,fiend,MPMM,22.9
24.0,10,9,11,9,2,10,3,-1.0,0.0,-1.0,-4.0,0.0,-4.0,30,0,0,0,0,False,M,U,undead,other,0.38625
97.0,17,20,13,17,14,15,18,9.0,1.0,7.0,2.0,2.0,8.0,30,60,0,0,0,False,M,NE,fiend,other,9.58
85.0,13,17,10,17,2,13,4,3.0,0.0,3.0,-4.0,1.0,-3.0,10,0,0,0,10,False,L,U,monstrosity,VGM,3.28
90.0,17,14,18,16,10,11,10,6.0,8.0,3.0,0.0,0.0,0.0,30,0,0,0,0,False,M,NG,humanoid,other,5.223333333333333
310.0,19,25,11,25,6,13,14,13.0,6.0,13.0,-2.0,7.0,2.0,40,0,0,0,0,False,H,CE,fiend,MM,19.45
52.0,14,16,11,16,4,10,7,3.0,0.0,3.0,-3.0,0.0,-2.0,30,0,0,20,0,False,M,U,dragon,VGM,2.09
30.0,17,16,14,16,8,11,7,3.0,2.0,3.0,-1.0,0.0,-2.0,40,0,0,0,0,False,M,N,construct,other,1.115
45.0,8,15,6,14,2,6,1,2.0,-2.0,2.0,-4.0,-2.0,-5.0,10,0,0,0,10,False,L,U,ooze,TftYP,2.0
75.0,15,12,10,14,13,15,10,1.0,0.0,2.0,1.0,2.0,0.0,30,0,0,0,0,False,L,CE,monstrosity,OotA,3.96
333.0,20,29,16,26,15,24,15,9.0,10.0,15.0,2.0,14.0,2.0,50,0,0,0,0,False,H,CE,fiend,MTF,23.21
71.0,15,11,12,12,19,17,17,0.0,1.0,1.0,7.0,6.0,6.0,30,0,0,0,0,False,M,LE,aberration,VGM,7.68
126.0,13,24,9,21,3,11,6,7.0,-1.0,5.0,-4.0,0.0,-2.0,40,0,0,0,0,False,H,U,beast,MM,6.01
22.0,16,12,14,12,10,10,11,1.0,2.0,1.0,0.0,0.0,0.0,30,30,0,0,0,False,M,LN,construct,MM,0.96
13.0,16,16,14,13,4,12,7,3.0,2.0,1.0,-3.0,1.0,-2.0,30,0,0,0,0,False,S,CE,aberration,MPMM,0.7425
22.0,8,12,6,16,1,6,2,1.0,-2.0,3.0,-5.0,-2.0,-4.0,10,0,0,0,10,False,M,U,ooze,TftYP,0.49125
95.0,15,17,12,18,16,14,17,3.0,4.0,7.0,3.0,5.0,6.0,40,80,0,20,40,False,L,CN,dragon,FTD,6.02
44.0,13,10,14,13,12,15,11,0.0,2.0,3.0,1.0,4.0,0.0,30,0,0,0,0,False,"S, M",A,humanoid,other,2.7306666666666666
22.0,13,14,14,12,8,12,8,2.0,2.0,1.0,-1.0,1.0,-1.0,30,0,0,0,0,False,M,CE,monstrosity,MPMM,0.595
49.0,14,9,16,9,17,11,10,-1.0,5.0,-1.0,5.0,0.0,0.0,30,40,0,0,0,False,M,NE,aberration,MPMM,4.89
39.0,12,13,14,14,10,12,9,1.0,2.0,2.0,0.0,1.0,-1.0,30,0,0,0,0,False,M,NG,humanoid,GGR,1.36
22.0,12,3,13,10,1,7,1,-4.0,1.0,0.0,-5.0,-2.0,-5.0,20,0,0,0,20,False,M,U,construct,WDH,0.515
32.0,16,15,14,12,10,10,13,2.0,2.0,1.0,0.0,0.0,1.0,40,0,0,0,0,False,L,LN,construct,other,1.8725
120.0,16,16,18,16,17,12,15,3.0,4.0,3.0,3.0,1.0,2.0,30,0,0,0,0,False,M,NE,monstrosity,GGR,7.63
93.0,9,19,9,18,6,10,5,4.0,-1.0,4.0,-2.0,0.0,-3.0,30,0,0,0,0,False,M,N,construct,CoS,5.02
189.0,19,19,13,20,3,6,8,8.0,1.0,9.0,-4.0,-2.0,-1.0,30,0,0,0,0,False,L,CN,monstrosity,MPMM,12.04
40.0,13,1,17,14,16,10,11,-5.0,3.0,2.0,3.0,0.0,0.0,0,40,0,0,0,True,T,NE,undead,ToA,3.935
4.0,10,10,10,10,10,10,10,0.0,0.0,0.0,0.0,0.0,0.0,30,0,0,0,0,False,M,A,humanoid,other,0.0025
84.0,12,9,14,14,18,12,11,-1.0,2.0,2.0,8.0,5.0,0.0,30,0,0,0,0,False,M,A,humanoid,VGM,8.87
27.0,16,15,14,13,8,11,9,2.0,2.0,1.0,-1.0,0.0,-1.0,30,0,0,0,0,False,M,CE,humanoid,TftYP,1.23
38.0,12,9,14,13,16,11,12,-1.0,2.0,1.0,5.0,2.0,1.0,30,0,0,0,0,False,M,A,humanoid,VGM,3.18
144.0,18,20,13,16,19,20,23,5.0,1.0,3.0,9.0,5.0,11.0,15,30,0,0,0,True,L,NE,aberration,other,14.75
247.0,18,28,7,22,1,8,4,9.0,-2.0,11.0,-5.0,4.0,-3.0,50,0,0,30,0,False,G,U,monstrosity,other,14.52
60.0,16,11,17,13,11,16,10,0.0,3.0,1.0,0.0,3.0,0.0,40,0,0,0,0,False,M,A,humanoid,other,3.01
200.0,14,27,10,22,12,16,16,8.0,0.0,10.0,1.0,7.0,7.0,40,0,0,0,0,False,H,other,giant,TftYP,9.06
75.0,18,18,12,16,10,13,8,4.0,1.0,3.0,0.0,1.0,-1.0,30,0,0,0,30,False,M,LN,plant,MPMM,4.96
39.0,13,9,16,14,16,13,11,-1.0,3.0,2.0,5.0,3.0,0.0,30,0,0,0,0,False,M,LE,humanoid,other,3.78
85.0,14,19,11,16,11,10,9,4.0,2.0,5.0,0.0,0.0,-1.0,40,0,0,0,0,False,L,NE,giant,IDRotF,4.38
189.0,19,19,13,20,3,6,8,8.0,1.0,9.0,-4.0,-2.0,-1.0,30,0,0,0,0,False,L,CN,monstrosity,MTF,12.02
127.0,16,20,14,19,11,13,12,5.0,2.0,8.0,0.0,5.0,1.0,30,0,0,0,0,False,M,CE,fiend,MPMM,8.68
32.0,16,15,10,14,7,12,7,2.0,0.0,2.0,-2.0,1.0,-2.0,30,0,30,0,0,False,M,N,humanoid,other,1.385
52.0,10,16,11,14,11,11,15,3.0,0.0,4.0,0.0,2.0,2.0,30,0,0,0,0,False,M,A,humanoid,OotA,3.01
31.0,15,7,15,12,11,10,8,-2.0,2.0,1.0,0.0,0.0,-1.0,30,0,0,0,0,False,S,NE,fey,MPMM,1.8825
66.0,14,22,14,16,5,12,8,6.0,2.0,3.0,-3.0,1.0,-1.0,60,0,0,0,0,False,H,U,monstrosity,EGW,3.89
9.0,19,11,12,11,12,14,16,0.0,1.0,0.0,1.0,2.0,3.0,30,0,0,0,0,False,M,A,humanoid,other,0.16
33.0,17,17,7,12,5,5,5,3.0,-2.0,1.0,-3.0,-3.0,-3.0,20,0,0,0,0,False,M,LE,construct,MTF,1.7225
180.0,17,19,14,18,7,14,18,4.0,2.0,4.0,-2.0,6.0,8.0,40,0,0,0,0,False,L,NE,monstrosity,EGW,11.67
52.0,15,10,14,16,15,15,13,0.0,2.0,3.0,5.0,5.0,4.0,0,20,0,0,0,True,M,LE,aberration,MPMM,4.96
4.0,10,10,10,10,10,10,10,0.0,0.0,0.0,0.0,0.0,0.0,30,0,0,0,0,False,M,U,humanoid,WDMM,0.0
16.0,12,7,15,11,2,10,4,-2.0,2.0,0.0,-4.0,0.0,-3.0,30,0,0,0,0,False,M,U,beast,TftYP,0.41
22.0,12,8,14,12,8,11,12,-1.0,2.0,1.0,-1.0,0.0,1.0,30,0,0,0,0,False,S,CE,monstrosity,MPMM,0.89125
22.0,12,1,14,11,10,10,11,-5.0,2.0,0.0,0.0,0.0,0.0,0,50,0,0,0,True,M,N,undead,CoS,1.065
52.0,15,16,10,14,7,12,7,3.0,0.0,2.0,-2.0,1.0,-2.0,30,0,30,0,0,False,L,N,humanoid,other,2.8
178.0,17,22,9,20,9,11,9,6.0,-1.0,5.0,-1.0,0.0,-1.0,30,0,0,0,0,False,L,U,construct,WDMM,10.08
37.0,14,17,15,15,3,12,7,3.0,2.0,2.0,-4.0,1.0,-2.0,50,0,0,0,0,False,L,U,beast,TftYP,1.75
18.0,13,13,10,11,11,10,8,1.0,0.0,0.0,0.0,0.0,-1.0,30,0,30,0,0,False,M,NE,humanoid,MM,0.38875
18.0,11,9,12,11,5,8,5,-1.0,1.0,0.0,-3.0,-1.0,-3.0,20,0,0,0,0,False,M,CE,fiend,MTF,0.29
22.0,15,8,17,14,15,10,12,-1.0,5.0,2.0,4.0,0.0,1.0,25,0,0,0,0,False,S,N,humanoid,other,0.8429166666666668
97.0,15,18,10,17,4,6,6,4.0,0.0,3.0,-3.0,1.0,-2.0,30,0,0,0,0,False,M,NE,undead,TftYP,5.341666666666668
112.0,16,18,15,16,10,12,15,7.0,5.0,6.0,0.0,1.0,2.0,30,0,0,0,0,False,M,CE,humanoid,SKT,5.16
93.0,19,19,10,16,13,14,12,7.0,0.0,6.0,1.0,2.0,1.0,30,0,0,0,0,False,M,LE,humanoid,other,5.22
126.0,17,20,8,20,5,10,5,5.0,-1.0,5.0,-3.0,0.0,-3.0,30,0,0,30,0,False,L,N,elemental,MM,6.83
75.0,20,18,11,17,12,12,14,4.0,0.0,3.0,1.0,1.0,2.0,25,0,0,0,0,False,M,LE,humanoid,MTF,5.1
82.0,14,10,15,13,17,16,18,0.0,5.0,1.0,3.0,3.0,7.0,30,0,0,0,0,False,M,NG,humanoid,ToA,6.78
36.0,13,16,17,10,11,10,8,3.0,3.0,0.0,0.0,0.0,-1.0,30,0,0,0,0,False,M,CE,undead,MM,2.32
165.0,19,19,21,16,14,12,18,4.0,5.0,3.0,2.0,1.0,4.0,50,0,0,0,0,False,M,CN,fey,MPMM,10.21
16.0,13,11,14,12,11,13,11,0.0,2.0,1.0,0.0,1.0,0.0,30,0,0,0,0,False,M,CG,humanoid,SKT,0.4975
153.0,18,18,16,18,14,14,18,4.0,7.0,8.0,2.0,6.0,8.0,30,60,0,0,0,False,M,LE,fiend,MM,11.783333333333333
52.0,15,11,16,15,9,11,9,0.0,3.0,2.0,-1.0,0.0,-1.0,30,0,0,0,0,False,M,CE,humanoid,VGM,2.97
10.0,8,4,7,10,4,10,3,-3.0,-2.0,0.0,-3.0,0.0,-4.0,15,0,0,0,0,False,S,U,aberration,IDRotF,0.1025
49.0,16,11,17,13,11,16,10,0.0,3.0,1.0,0.0,3.0,0.0,25,0,0,0,0,False,S,LE,humanoid,WDH,2.75
33.0,16,14,18,12,13,14,11,2.0,4.0,1.0,1.0,2.0,0.0,40,0,0,0,0,False,M,LE,aberration,other,2.71
11.0,16,13,12,12,10,11,10,1.0,1.0,1.0,0.0,0.0,0.0,30,0,0,0,0,False,M,A,humanoid,WDH,0.13375
247.0,17,12,18,16,17,21,22,1.0,4.0,9.0,3.0,11.0,12.0,30,0,0,0,0,False,M,NE,humanoid,MPMM,19.66
27.0,10,13,11,13,3,12,7,1.0,0.0,1.0,-4.0,1.0,-2.0,30,0,0,0,30,False,S,U,monstrosity,ToA,0.6475
11.0,12,13,11,12,2,6,1,1.0,0.0,1.0,-4.0,-2.0,-5.0,20,0,0,0,0,False,M,U,plant,IDRotF,0.16875
90.0,15,22,16,14,5,17,14,9.0,6.0,2.0,-3.0,3.0,2.0,40,80,0,0,0,False,L,NE,monstrosity,EGW,6.26
78.0,15,11,16,14,13,11,10,0.0,6.0,2.0,4.0,0.0,0.0,30,0,0,0,0,False,M,other,humanoid,OotA,7.92
27.0,12,10,15,10,12,14,16,0.0,2.0,0.0,1.0,2.0,3.0,30,0,0,0,0,False,M,A,humanoid,OotA,1.0
99.0,12,10,14,12,20,15,16,0.0,2.0,1.0,9.0,6.0,3.0,30,0,0,0,0,False,M,CE,humanoid,SKT,12.0
52.0,15,16,8,15,10,8,7,3.0,-1.0,2.0,0.0,-1.0,-2.0,20,0,0,0,0,False,M,U,monstrosity,OotA,2.87
99.0,12,10,14,12,20,15,16,0.0,2.0,1.0,9.0,6.0,3.0,30,0,0,0,0,False,M,A,humanoid,WDMM,12.0
4.0,10,14,10,10,10,10,10,2.0,0.0,0.0,0.0,0.0,0.0,30,0,0,0,0,False,M,N,giant,SKT,0.0
22.0,5,1,1,10,14,10,10,-5.0,-5.0,0.0,2.0,0.0,0.0,0,0,0,0,0,False,M,U,construct,CoS,1.00875
36.0,12,11,15,10,14,12,16,0.0,2.0,0.0,4.0,1.0,5.0,30,0,0,0,0,False,M,LE,undead,MTF,3.625
90.0,16,16,18,17,16,13,19,3.0,7.0,6.0,3.0,4.0,4.0,40,40,0,0,0,True,M,LE,undead,GGR,7.56
147.0,17,19,11,20,6,11,9,4.0,0.0,5.0,-2.0,4.0,-1.0,30,60,0,0,0,False,L,CE,elemental,other,10.0
84.0,15,18,13,20,7,9,7,4.0,1.0,5.0,-2.0,-1.0,-2.0,30,0,0,0,0,False,L,CE,giant,other,5.07
149.0,16,11,15,14,16,21,20,0.0,2.0,7.0,3.0,10.0,10.0,30,0,0,0,0,False,M,NE,humanoid,MPMM,14.91
126.0,13,23,11,21,1,10,5,6.0,0.0,5.0,-5.0,0.0,-3.0,20,0,50,0,0,False,H,U,undead,other,5.88
22.0,15,10,10,13,1,3,1,0.0,0.0,1.0,-5.0,-4.0,-5.0,0,40,0,0,0,True,M,U,construct,WBtW,0.25625
37.0,12,17,15,14,3,12,8,3.0,2.0,2.0,-4.0,1.0,-1.0,40,0,0,0,0,False,L,U,beast,MM,1.35
58.0,17,16,13,14,10,11,10,3.0,1.0,2.0,0.0,0.0,0.0,30,0,0,0,0,False,M,A,humanoid,MM,3.16
27.0,13,10,10,12,13,16,13,0.0,0.0,1.0,1.0,3.0,1.0,30,0,0,0,0,False,M,A,humanoid,EGW,2.0
13.0,13,10,16,10,11,10,10,0.0,3.0,0.0,0.0,0.0,0.0,30,0,0,0,0,False,M,CN,humanoid,MM,0.26
112.0,16,18,15,16,10,12,15,7.0,5.0,6.0,0.0,1.0,2.0,30,0,0,0,0,False,M,A,humanoid,IDRotF,5.03
45.0,15,8,16,12,12,14,14,1.0,5.0,1.0,1.0,2.0,2.0,40,0,0,0,0,False,S,CG,humanoid,other,2.59
202.0,21,11,13,16,20,12,18,0.0,7.0,9.0,5.0,7.0,10.0,30,40,0,0,0,False,M,LE,fiend,MPMM,17.94
58.0,11,15,13,14,10,11,10,2.0,1.0,2.0,0.0,0.0,0.0,0,0,0,0,0,False,M,CE,humanoid,CoS,3.07
184.0,18,23,12,21,18,15,17,6.0,6.0,10.0,4.0,7.0,8.0,40,80,0,0,40,False,H,CG,dragon,MM,13.92
95.0,13,14,16,21,24,26,28,2.0,3.0,9.0,7.0,12.0,9.0,30,60,0,0,0,False,M,NE,monstrosity,IDRotF,9.745
71.0,14,16,14,13,14,12,16,3.0,2.0,1.0,2.0,3.0,5.0,30,0,0,0,0,False,M,NE,monstrosity,ToA,4.04
138.0,16,24,9,21,3,11,6,7.0,-1.0,5.0,-4.0,0.0,-2.0,40,0,0,0,0,False,H,U,construct,other,6.62
51.0,16,18,11,18,12,15,18,4.0,0.0,4.0,1.0,5.0,4.0,30,0,0,0,0,False,M,LE,humanoid,other,4.96
40.0,12,9,14,11,17,12,11,-1.0,2.0,0.0,6.0,4.0,0.0,30,0,0,0,0,False,M,NE,humanoid,WDMM,6.0
18.0,11,11,11,12,5,8,3,0.0,0.0,1.0,-3.0,-1.0,-4.0,20,0,0,0,0,False,S,CE,fiend,MM,0.2975
45.0,16,16,12,17,9,13,12,3.0,1.0,3.0,-1.0,1.0,1.0,30,0,0,0,0,False,M,CE,humanoid,MM,2.1833333333333336
33.0,14,14,11,12,11,10,12,2.0,2.0,1.0,0.0,2.0,1.0,30,0,30,0,0,False,M,LE,humanoid,other,1.9
45.0,15,12,16,10,14,10,14,1.0,3.0,0.0,2.0,0.0,2.0,30,0,0,0,0,False,M,NE,humanoid,other,1.99
78.0,17,16,11,14,9,11,11,6.0,0.0,5.0,-1.0,0.0,0.0,30,0,0,0,0,False,M,CE,humanoid,WBtW,4.703333333333333
40.0,12,8,14,10,18,12,14,-1.0,2.0,0.0,7.0,4.0,2.0,30,0,0,0,0,False,M,CN,humanoid,other,5.615
22.0,14,13,11,13,8,8,10,1.0,0.0,1.0,-1.0,-1.0,0.0,30,0,0,0,0,False,M,A,monstrosity,FTD,0.61
90.0,11,15,13,14,10,11,10,2.0,1.0,2.0,0.0,0.0,0.0,0,0,0,0,0,False,M,CE,humanoid,CoS,4.495
59.0,11,19,8,16,5,7,7,4.0,-1.0,3.0,-3.0,-2.0,-2.0,40,0,0,0,0,False,L,CE,giant,SKT,2.0
144.0,14,19,14,16,9,14,10,8.0,6.0,3.0,-1.0,6.0,0.0,20,60,0,0,0,False,L,CE,monstrosity,other,9.72
9.0,13,7,14,13,6,11,7,-2.0,2.0,1.0,-2.0,0.0,-2.0,30,0,0,0,0,False,S,N,plant,ToA,0.215
33.0,15,14,12,12,7,15,10,2.0,1.0,3.0,-2.0,2.0,0.0,20,0,40,0,0,False,M,NE,humanoid,other,1.905
13.0,12,6,14,14,4,7,2,-2.0,2.0,2.0,-3.0,-2.0,-4.0,5,40,0,0,0,False,T,CE,fiend,VGM,0.4675
444.0,22,28,14,27,18,28,17,9.0,9.0,15.0,4.0,16.0,10.0,40,80,40,0,0,False,G,NG,dragon,other,24.47
243.0,16,30,12,27,18,22,19,10.0,9.0,16.0,4.0,14.0,4.0,40,0,0,0,0,False,L,CE,fiend,other,21.81
22.0,18,16,11,13,10,12,11,3.0,0.0,1.0,0.0,1.0,0.0,30,0,0,0,0,False,M,LE,humanoid,other,0.8675
33.0,13,11,14,12,10,13,14,0.0,2.0,1.0,0.0,1.0,2.0,30,0,0,0,0,False,M,LE,humanoid,WDH,2.02
39.0,18,18,11,14,11,10,9,4.0,0.0,2.0,0.0,0.0,-1.0,25,0,0,0,0,False,M,A,humanoid,MPMM,2.08
120.0,15,18,10,16,20,17,13,4.0,0.0,3.0,5.0,7.0,1.0,30,0,0,0,0,False,M,CE,humanoid,CoS,9.2725
203.0,17,26,10,26,24,18,20,8.0,0.0,8.0,12.0,9.0,10.0,40,0,0,0,0,False,G,CE,fiend,other,16.5
187.0,19,9,15,12,23,18,21,-1.0,2.0,1.0,12.0,10.0,11.0,30,0,0,0,0,False,M,LE,humanoid,MTF,17.22
85.0,14,21,9,17,2,10,7,5.0,-1.0,3.0,-4.0,0.0,-2.0,30,0,50,0,0,False,H,U,beast,other,4.6125
40.0,13,1,17,14,16,10,11,-5.0,3.0,2.0,3.0,0.0,0.0,0,40,0,0,0,True,T,NE,undead,WDMM,3.955
27.0,13,10,10,12,13,16,13,0.0,0.0,1.0,1.0,3.0,1.0,30,0,0,0,0,False,M,CN,humanoid,SKT,2.0
67.0,14,15,16,16,9,9,16,2.0,5.0,5.0,-1.0,-1.0,3.0,30,0,0,0,0,False,M,CE,undead,other,4.22
225.0,7,19,5,22,25,19,24,4.0,-3.0,11.0,7.0,9.0,7.0,0,50,0,0,0,True,H,NE,undead,ToA,13.96
533.0,22,30,14,30,21,20,26,10.0,10.0,18.0,5.0,13.0,16.0,60,120,60,60,0,False,G,CE,dragon,FTD,26.96
9.0,10,10,10,10,10,14,11,0.0,0.0,0.0,0.0,2.0,0.0,30,0,0,0,0,False,M,CE,humanoid,other,0.24125
18.0,12,11,15,11,13,11,10,0.0,2.0,0.0,1.0,0.0,0.0,40,0,0,0,0,False,M,CE,humanoid,MM,0.51375
127.0,12,14,14,16,7,15,3,2.0,2.0,3.0,-2.0,2.0,-4.0,20,0,0,0,20,False,L,CE,plant,MTF,7.72
546.0,22,30,14,29,18,17,28,10.0,9.0,16.0,4.0,10.0,16.0,40,80,40,0,0,False,G,LG,dragon,MM,24.92
45.0,11,21,8,15,2,12,6,5.0,-1.0,2.0,-4.0,1.0,-2.0,40,0,0,0,0,False,L,U,beast,MM,1.99
105.0,14,11,14,16,16,19,13,0.0,2.0,6.0,6.0,7.0,4.0,30,0,0,0,0,False,"S, M",A,humanoid,other,7.36
58.0,13,17,16,13,11,10,10,3.0,3.0,1.0,0.0,0.0,0.0,0,0,60,0,0,False,L,N,elemental,MM,3.09
45.0,13,17,12,16,6,12,7,3.0,1.0,3.0,-2.0,1.0,-2.0,30,0,0,0,30,False,M,CN,humanoid,MM,2.5548253968253967
385.0,21,27,12,25,20,17,19,8.0,8.0,14.0,5.0,10.0,11.0,40,80,40,0,0,False,G,LE,dragon,MM,21.76
22.0,11,15,3,11,3,10,3,2.0,-4.0,0.0,-4.0,0.0,-4.0,10,0,0,0,10,False,L,U,beast,WBtW,0.32875
115.0,17,21,10,20,4,6,6,5.0,0.0,5.0,-3.0,-2.0,-2.0,30,0,0,0,0,False,H,NE,undead,TftYP,6.965
75.0,11,12,12,16,14,10,18,1.0,1.0,3.0,2.0,0.0,4.0,30,0,30,0,0,False,M,LE,humanoid,other,4.09
22.0,13,13,12,12,11,10,11,1.0,3.0,1.0,0.0,0.0,0.0,30,0,30,0,0,False,M,N,humanoid,other,0.84375
60.0,14,10,14,16,18,17,11,0.0,2.0,3.0,7.0,6.0,3.0,30,0,0,0,0,False,M,other,humanoid,other,5.68
75.0,13,18,13,14,7,12,8,4.0,1.0,2.0,-2.0,1.0,-1.0,50,0,0,0,0,False,L,NE,monstrosity,MM,3.36
9.0,10,10,10,10,14,10,11,0.0,0.0,0.0,2.0,0.0,0.0,30,0,0,0,0,False,M,CE,humanoid,WDH,0.24125
2.0,12,2,14,10,4,11,8,-4.0,2.0,0.0,-3.0,0.0,-1.0,30,0,0,0,0,False,T,U,aberration,MPMM,0.0
9.0,16,13,16,13,4,10,6,1.0,3.0,1.0,-3.0,0.0,-2.0,30,0,0,10,30,False,S,U,monstrosity,MPMM,0.13625
91.0,13,12,16,14,3,10,1,1.0,3.0,2.0,-4.0,0.0,-5.0,30,0,0,0,0,False,M,U,construct,MPMM,4.755
27.0,15,7,15,14,10,9,14,-2.0,2.0,2.0,0.0,-1.0,2.0,30,0,0,0,0,False,S,A,humanoid,MPMM,1.0583333333333333
32.0,11,15,11,14,10,10,11,2.0,0.0,2.0,0.0,0.0,0.0,30,0,0,0,0,False,M,N,humanoid,OotA,0.5325
22.0,11,16,12,13,2,10,5,3.0,1.0,1.0,-4.0,0.0,-3.0,10,30,0,0,0,False,S,U,monstrosity,TftYP,0.48875
580.0,21,27,24,28,26,27,30,8.0,7.0,9.0,16.0,16.0,18.0,50,150,0,0,0,False,L,LE,fiend,other,26.33
45.0,11,7,13,10,10,12,17,-2.0,1.0,0.0,0.0,1.0,3.0,0,40,0,0,0,True,M,A,undead,MM,3.97
133.0,17,20,16,18,8,15,14,5.0,3.0,8.0,-1.0,6.0,2.0,20,80,0,0,0,False,L,U,monstrosity,other,8.29
26.0,16,14,11,14,11,10,13,2.0,0.0,2.0,0.0,0.0,1.0,30,0,0,0,0,False,M,A,humanoid,other,1.225
99.0,12,10,14,12,20,15,16,0.0,2.0,1.0,9.0,6.0,3.0,30,0,0,0,0,False,M,other,humanoid,ToA,12.18
187.0,18,12,17,16,17,12,19,1.0,3.0,3.0,8.0,1.0,9.0,30,40,0,0,0,False,M,LE,fiend,MTF,14.8
40.0,14,10,17,11,13,14,15,0.0,3.0,0.0,1.0,2.0,2.0,30,0,0,0,20,False,M,CG,humanoid,ToA,1.615
36.0,11,11,13,11,10,10,13,0.0,1.0,0.0,0.0,0.0,1.0,30,0,0,0,0,False,M,CE,construct,MM,1.435
71.0,14,16,14,13,14,12,16,3.0,2.0,1.0,2.0,3.0,5.0,30,0,0,0,0,False,M,NE,monstrosity,MPMM,4.07
117.0,18,16,10,14,11,17,13,3.0,0.0,5.0,0.0,6.0,1.0,30,0,0,0,0,False,M,LG,humanoid,GGR,8.0
204.0,18,16,24,18,22,20,22,3.0,13.0,4.0,12.0,11.0,12.0,40,0,0,0,0,False,M,NE,monstrosity,GGR,17.74
59.0,13,20,12,17,3,12,7,5.0,1.0,3.0,-4.0,1.0,-2.0,40,0,0,0,0,False,L,U,monstrosity,TftYP,2.83
16.0,13,12,15,11,2,12,5,1.0,2.0,0.0,-4.0,1.0,-3.0,0,0,40,0,0,False,L,U,beast,MM,0.49
127.0,16,11,14,18,20,12,12,0.0,2.0,8.0,9.0,5.0,5.0,30,0,0,0,0,False,M,NE,humanoid,other,9.0
676.0,25,30,11,30,3,11,11,10.0,0.0,10.0,5.0,9.0,9.0,40,0,0,0,0,False,G,U,monstrosity,MM,29.98
99.0,12,10,14,12,20,15,16,0.0,2.0,1.0,9.0,6.0,3.0,30,0,0,0,0,False,M,NE,humanoid,OotA,12.0
507.0,21,28,14,29,30,24,25,9.0,10.0,17.0,10.0,15.0,15.0,60,120,60,60,0,True,G,N,dragon,FTD,26.02
105.0,17,22,16,21,15,15,16,6.0,7.0,9.0,2.0,6.0,3.0,30,0,0,0,30,False,L,LE,fiend,MTF,10.02
136.0,18,19,12,17,16,13,15,4.0,4.0,6.0,3.0,4.0,5.0,40,80,40,0,0,False,L,LE,dragon,MM,8.51
200.0,18,27,10,22,12,16,16,8.0,0.0,10.0,1.0,7.0,7.0,40,0,0,0,0,False,H,other,giant,TftYP,10.57
40.0,12,9,14,11,17,12,11,-1.0,2.0,0.0,6.0,4.0,0.0,30,0,0,0,0,False,M,A,humanoid,other,5.562222222222221
143.0,18,20,15,14,10,14,12,9.0,2.0,6.0,0.0,2.0,1.0,30,0,0,0,0,False,L,CE,giant,WDMM,8.84
105.0,13,21,8,19,5,9,6,5.0,-1.0,4.0,-3.0,-1.0,-2.0,40,0,0,0,0,False,H,CE,giant,TftYP,5.0
136.0,19,1,12,21,24,26,28,-5.0,1.0,9.0,7.0,12.0,9.0,0,30,0,0,0,True,S,NE,elemental,IDRotF,11.93
18.0,14,11,16,10,11,10,12,0.0,3.0,0.0,0.0,0.0,1.0,25,0,0,0,0,False,M,LE,humanoid,MTF,0.74625
52.0,11,17,13,13,4,10,4,3.0,1.0,1.0,-3.0,0.0,-3.0,20,0,60,0,10,False,L,U,beast,OotA,1.29
50.0,15,14,10,10,3,3,1,2.0,0.0,0.0,-4.0,-4.0,-5.0,30,0,0,0,0,False,L,U,construct,WDMM,2.1
52.0,14,8,16,14,10,18,10,-1.0,3.0,2.0,2.0,6.0,0.0,35,0,0,0,0,False,M,LN,humanoid,other,3.74
22.0,12,8,14,12,8,11,12,-1.0,2.0,1.0,-1.0,0.0,1.0,30,0,0,0,0,False,S,CE,humanoid,VGM,0.9125
22.0,11,3,12,10,1,7,1,-4.0,1.0,0.0,-5.0,-2.0,-5.0,20,0,20,0,0,False,M,other,beast,other,0.70625
33.0,18,14,12,12,11,14,16,2.0,1.0,1.0,0.0,4.0,5.0,30,0,0,0,0,False,M,CE,humanoid,OotA,2.1275
203.0,19,9,15,12,23,18,21,-1.0,2.0,1.0,12.0,10.0,11.0,30,0,0,0,0,False,M,NE,monstrosity,MPMM,17.38
18.0,11,12,13,11,2,10,3,1.0,1.0,0.0,-4.0,0.0,-4.0,30,0,30,0,0,False,M,U,beast,MM,0.3175
45.0,12,9,14,10,17,13,12,-1.0,2.0,0.0,3.0,1.0,1.0,30,0,0,0,0,False,M,NE,humanoid,WDH,6.2
110.0,15,16,17,18,12,14,14,6.0,3.0,7.0,1.0,5.0,5.0,30,0,0,0,0,False,M,LE,fiend,MM,5.8
31.0,12,10,14,10,14,17,11,0.0,2.0,0.0,2.0,3.0,0.0,20,50,0,0,0,False,M,LN,humanoid,ToA,1.9325
9.0,11,11,13,10,14,14,12,0.0,1.0,0.0,2.0,2.0,1.0,30,0,0,0,0,False,M,A,humanoid,other,0.17
11.0,10,14,10,13,2,10,5,2.0,0.0,1.0,-4.0,0.0,-3.0,40,0,0,0,0,False,M,U,beast,MM,0.13625
42.0,12,20,10,16,2,13,7,5.0,0.0,3.0,-4.0,1.0,-2.0,40,0,30,0,0,False,L,U,undead,other,2.1
13.0,12,15,14,12,1,10,3,2.0,2.0,1.0,-5.0,0.0,-4.0,30,0,30,0,0,False,L,U,beast,MM,0.2875
248.0,15,28,10,20,3,10,9,9.0,4.0,9.0,-4.0,4.0,3.0,20,120,0,0,0,False,G,U,monstrosity,MM,11.52
4.0,10,10,10,10,10,10,10,0.0,0.0,0.0,0.0,0.0,0.0,30,0,0,0,0,False,M,A,humanoid,TftYP,0.0
